"genes","logFC.time1h.treatSW","logFC.time2h.treatSW","logFC.time6h.treatSW","logFC.time24h.treatSW","logCPM","F","PValue","FDR"
"Btg2",1.70227512394579,0.315444846866208,-0.327853683042835,-0.0817322152582528,6.41769379065312,44.1279683794457,2.39731407188441e-12,3.31039162095273e-09
"Cyb5r1",-0.0531860572905725,0.234335871655684,1.00298013713152,1.09347709583742,5.49544428244892,18.0746975198906,9.62506523331846e-08,1.57614521613062e-05
"Rgs2",0.818386234228049,1.15681370805016,0.70632504144655,-0.230905269730171,5.08942909123463,15.824910220911,3.79181926974748e-07,4.9843077380497e-05
"Fam129a",0.219883833389715,-0.098274299028817,1.5920907487956,0.890644495585398,4.44950068443547,18.4403552328867,7.79623398947248e-08,1.34505919088015e-05
"Sec16b",-0.0904463336263458,0.164679789482609,0.713212533313387,1.2705349258747,3.66158545456258,5.85805004528159,0.00125470628262621,0.0321547606090003
"Rgs4",0.193514983243586,1.16712615226748,0.738781743870858,-0.411743485546922,7.4708462561402,26.8683965175574,1.14102212860802e-09,3.80137423984357e-07
"Ddr2",0.12925325959273,-0.172317020904662,1.41127468193097,0.895651113596119,2.88443708956567,5.60835931920202,0.00163845732782948,0.0401266298423942
"Eprs",0.0745571569088492,0.695333954232284,1.3029325747459,0.310116213838725,8.41956982997176,38.6854360903244,1.30277192482049e-11,1.19873628110982e-08
"Ptpn14",0.313820523261444,0.274919520593853,-1.05243757006684,-0.4261223925234,3.55931361619916,10.676130247764,1.50254744308018e-05,0.000980869062251292
"Atf3",2.784974077594,2.5017185705922,0.892743321943637,-0.200804213959936,3.95236666846764,34.986463601708,4.67572169833361e-11,2.91448291538388e-08
"Kcnh1",-0.00893280792838393,0.253204965488446,1.29154123348895,0.364398179764297,5.80469015518591,44.0741286217102,2.43612493537182e-12,3.31039162095273e-09
"Egr2",3.60440652400685,2.72969270804757,-0.0888874969029551,-1.34694940396621,1.90719671976416,11.1130395189659,8.65060867661369e-06,0.000612291983363393
"Derl3",0.218603069435883,1.58125219754031,2.76923990536214,1.49441893458665,4.65440111392952,23.6090414367294,5.12713349132227e-09,1.37599445073362e-06
"Chchd10",-0.252247897216103,0.173994119496383,0.503204458082218,1.28258158559902,5.99596542420664,22.4408697543482,9.09217966699624e-09,2.22390111019454e-06
"Dos",0.681383769725758,1.0131692065429,0.514039392207825,0.0429061375054389,6.45449016336467,11.8312353553958,6.077179643372e-06,0.000462994978712895
"Aldh1l2",-0.196946502943911,0.619814679195867,1.87010531103618,1.6002396173176,6.90561100735705,64.0076135184971,1.66891590006021e-14,1.61242309684317e-10
"Cry1",0.114740884733511,0.193761964376174,1.11706571544233,-0.0590139699503041,5.05611748703296,16.74794361685,2.12930058038305e-07,3.1649596242109e-05
"Hsp90b1",-0.0097377688276693,0.533362015843738,1.25813336157208,0.808944795450856,11.0367814261813,32.6039027493923,1.10797958691784e-10,6.11699701657528e-08
"Dusp6",0.59538794443302,1.26468432368828,0.789989575393084,-0.112945092516625,4.97879556318139,14.3169549787982,1.02156555809701e-06,0.000105559953364217
"Xpot",-0.0420586578629664,0.417874669064003,1.28671623229078,0.720857010027935,7.22284808818566,35.8049143144123,3.46154889494081e-11,2.37958783026078e-08
"Mettl1",-0.0807286968304134,0.203227245693473,1.00150147371182,0.719621164309365,4.08763011173192,7.84442859877499,0.000174630904853519,0.00713669974450384
"Ddit3",1.32105764846133,2.68473243905104,2.33958369015062,0.436440132283379,4.84517593604974,23.1698775450718,6.34494861286585e-09,1.63471256061876e-06
"Shmt2",-0.0366932004073559,0.779077843421654,1.79895237158874,0.498674512045352,6.36039007924637,43.892789114429,2.56978079564721e-12,3.31039162095273e-09
"Nab2",0.265492913067493,1.01145023950088,-0.172540305853388,-0.549906070016283,4.81571488537743,14.7590613788411,7.59077955693457e-07,8.57758089933606e-05
"Slc1a4",-0.046131196772534,0.866203327546064,1.20832426827928,0.377997339026514,5.21369312569324,26.3190021150285,1.45590584157722e-09,4.68874476279944e-07
"Kcnip1",-0.103933964068479,0.0754672899108368,1.31705689072429,0.409935366864825,6.69025372250368,26.0081460755985,1.67216368666426e-09,5.21148692216347e-07
"Lcp2",-0.0229468244655714,-0.47189079418527,-1.10586586748411,-0.451402193358921,5.13493114858963,13.8946587505256,1.36401974012735e-06,0.000133115926456974
"Sqstm1",0.0366115875400979,0.55413008148073,1.02705378114035,0.520325756141478,8.8878314008081,20.6468509646636,2.29603160520693e-08,4.92957985637928e-06
"Rnf112",-0.179917179833246,-0.496258330645022,-1.28658802169536,-0.13852694617967,4.45190140669641,7.52223021466878,0.000236718320866304,0.00895128789451976
"Per1",1.14464384606663,1.45175464225034,-0.004878249606474,-0.0964601334809037,6.9789078113878,23.2562472081836,6.0714954667462e-09,1.60439677990922e-06
"Dusp14",0.356548532042016,1.52585004845507,0.230536629906771,-0.0718565268331917,4.75071898743508,16.3801332708248,2.67359958870636e-07,3.8268122113017e-05
"Hdac5",0.323780868133843,1.03497112638511,0.698178995281297,0.364113292132871,6.28620543363608,11.6710697775835,6.86666818359384e-06,0.000508370227247447
"Pycr1",0.0658606554734127,0.935221921933128,1.18963134020534,2.03071415496652,3.5329828651908,14.2858749302423,1.05088377913633e-06,0.00010744035589551
"Kcnf1",0.315691339368037,1.09621035030689,0.72912319076476,-0.0849549239528844,3.36788933431466,6.57212029911643,0.000601391166556453,0.0185633889957993
"Pdia6",-0.0559766485720714,0.519973665656401,1.35829941660163,0.994385694411998,8.55289823055122,24.5932786713192,3.20150833050179e-09,9.51734545696708e-07
"Pik3cg",0.0892980250578226,-0.0716495257249807,-1.12216909264658,-0.988709683626702,3.61239668189903,10.2781386469597,2.07598200478856e-05,0.00127752230186399
"Ifrd1",0.510685018809752,1.39576592676733,0.790397732790694,0.0233897168764636,6.53972784472202,30.777770448402,2.24314303824856e-10,1.0571769006848e-07
"Dnajb9",0.187457883520856,1.17945836479333,1.51876200188099,0.615536552642005,8.29045702082581,31.8323354875027,1.48672022829373e-10,7.74435547423335e-08
"Coch",0.0891521104552007,0.00259775907468813,-0.387538926152344,-1.34054564241965,4.04377165692858,12.7676447975709,3.03460038539154e-06,0.000255831807646679
"Smoc1",0.163440866663871,0.382977139589343,1.64938690234599,0.567195538601083,5.75354004879768,28.4596131660061,5.76631158180002e-10,2.02586252172949e-07
"Fos",3.08133767483413,1.60556426858797,0.0334085968064117,-0.802154389327186,5.73590963316451,27.8678352255648,7.41341069497558e-10,2.55802383676809e-07
"Sel1l",-0.0951174210129473,0.565808870487013,1.31849852669067,0.494684138746314,8.2179099295624,46.2238907072047,1.30788796655741e-12,2.29748356161717e-09
"Serpina3n",0.652085011891072,0.0327262867143751,1.242453973849,1.91582500668968,2.80406362864016,10.2596802206761,2.12261114600185e-05,0.00130207032299028
"Sp8",0.0729958971877629,0.879404671315144,1.14903401513578,-0.363633904517414,6.41482831203879,33.8495708283057,6.97396834767577e-11,4.21118719944184e-08
"Zfp184",0.441686167999232,1.14103430436661,0.0822777966987441,-0.12745504992524,3.36817571332408,6.67907480758045,0.00054009947170846,0.017014262633667
"Scgn",-0.110253766915914,-0.179088420660955,-0.360658560838446,-1.28085447953001,5.79617452320401,7.39589243496509,0.000267019520477497,0.00984659960722647
"Nedd9",0.69383340332916,1.3263013142134,0.198527181839372,-0.0828845384257823,5.84431501132946,28.4825696412918,5.71062939109699e-10,2.02586252172949e-07
"Iars",-0.0354214309243155,0.763717869267311,1.31521302630315,0.319588746750271,7.3075328882644,28.5550446203018,5.53805867421704e-10,2.01909259928105e-07
"Diras2",1.24298187368566,1.52198506271455,0.17719079651334,-0.303094667766808,4.35455099401174,15.1431654810175,5.89473956352426e-07,7.1190032866237e-05
"Nfil3",1.33199856699295,2.1436044850173,1.36498594494419,-0.46667694569496,4.70122119866096,36.6387972546292,2.59769096214942e-11,2.09146593590055e-08
"Homer1",0.374721632441104,1.3424207706187,-0.0270256325817893,-0.196064936375426,5.6906926466347,35.9160052951787,3.33101651157715e-11,2.37958783026078e-08
"D830030K20Rik",-0.00482633688834347,2.24217351943745,1.95218162380249,0.169637039885858,1.34446473275951,5.49302884061395,0.00180626417205373,0.0434063289705068
"Gm3636",0.0240988448410607,0.66141454769055,1.52582622046295,-0.0178813827801346,2.73550619268574,9.99344644098081,2.64132017606615e-05,0.00153996837896276
"Gm3558",0.115845569410047,1.36386624345697,2.06559931063788,-0.165495506735233,1.74755024136219,6.75182225891022,0.000507892662984393,0.0163566832114124
"Kcnk16",0.403850730891242,-0.321709944262942,-0.256222222306211,1.0099088635551,2.57266396754878,6.24320651478986,0.000844401957844306,0.0239777431178003
"Wnt5a",1.05174145813325,1.44328536672499,2.75509754706316,0.793862796960348,4.02132752360962,14.8277347118189,7.26953659304808e-07,8.36126521353976e-05
"Pck2",-0.0829788315325701,0.670897168932044,1.0363641591898,0.437740025181008,6.26751288918829,14.5280206502449,8.85575824424052e-07,9.65038923125692e-05
"Egr3",2.75404596472848,2.01226274814926,0.523426130101505,-1.24734028929095,1.21704142888511,5.97036721953342,0.000994404122829985,0.0271013693447726
"Spry2",0.513890703319495,1.67345911741031,1.06773969303088,0.140583133430625,4.72059723481336,24.1572083458899,3.93771154623778e-09,1.11894706188166e-06
"Dnajc3",-0.123443815809322,0.455611303460737,1.16818185872268,0.561108386319435,8.1635026722604,28.692899656037,5.22776479672011e-10,1.94261729167351e-07
"Tars",0.0651145735801121,0.481286040137176,1.10223997406228,0.297762713662423,6.28810897554153,20.3335931022038,2.71551757791778e-08,5.58212193171333e-06
"Cdh6",-0.108014553026886,-0.32004607330976,-0.721707136479624,-1.10388373527521,6.0123814231214,7.47065308897635,0.000248553902067395,0.00928976218500634
"Trib1",0.885228510045571,1.07613711840057,0.311498452045915,0.00236105928634633,6.68293901331967,23.6846103694859,4.9318982676016e-09,1.36141528892665e-06
"Fam84b",0.114203501945703,1.57026675933957,1.31725990103896,0.491265951344687,4.90162208982904,23.0237877046797,6.81116054327955e-09,1.70924746984144e-06
"Arc",1.44879118061248,0.258176722403736,-0.137416328462047,-0.368691461521528,2.90324827174086,8.25114582342724,0.000120273492799273,0.00533037775541367
"Maff",1.11099872768846,0.993678212092081,0.987470058970412,0.0200113432817422,3.58574478377836,9.29271660166521,4.75443689358779e-05,0.00253085355633049
"Kdelr3",-0.195476376782332,0.415651324878987,1.56594292728472,1.44072398033837,3.26377866826778,15.0979444510825,6.12978608285807e-07,7.26661696190592e-05
"Atf4",0.72291842821305,1.67364769262714,1.42334657757166,0.49878214454722,8.01444453198978,33.5257973374646,7.85377724009488e-11,4.46348640030451e-08
"Celsr1",0.277531112702974,-0.249367086892141,-1.59285860236495,-0.317665793982657,5.1433548135193,14.5066647080083,8.98812210639147e-07,9.70265270736326e-05
"Creld2",0.0512944326968763,1.09693566167048,2.11486796932165,1.00970407767331,6.56803456228178,51.2649907291352,3.33713466672373e-13,9.21192188072894e-10
"Adm2",0.469277545764045,1.76849538665055,1.58430349933157,1.42969729846421,3.57158962785559,12.7897195956046,2.99638751732151e-06,0.000254988840846239
"Fkbp11",0.28513002686935,-0.323186612849441,1.77321441813271,2.20561516992951,3.05970100242767,30.6771711251241,2.39754330172847e-10,1.10304117188808e-07
"Nr4a1",2.13192345762743,2.84785780373916,0.243691522604033,-1.69956109052326,8.25305677542637,35.3584603564259,4.05075712454774e-11,2.6090926639212e-08
"Cebpd",1.45581616285788,0.581814012533409,-0.256281250187634,-0.099072029001789,2.49687060339107,6.68469919969039,0.000540638475240465,0.017014262633667
"Sdf2l1",-0.00077181087642134,0.922753124191567,1.70622554129542,1.24576238595633,6.58629844695257,36.1437738527506,3.07626433841357e-11,2.28625599273713e-08
"Etv5",0.282333024210188,0.677282387019093,1.63109203874092,0.367457226242823,4.55731375980414,15.1142489673898,6.00527730721098e-07,7.16296132143443e-05
"Dnajb11",-0.0711077724225103,0.511239270545043,1.14967564029731,0.529168146513222,7.48219798597976,32.3020124092098,1.24227799403646e-10,6.66792713299069e-08
"Nfkbiz",0.288784005449511,1.56771247885753,0.815848091918531,0.195486266188999,4.47394015382679,7.88157471779519,0.000168621421969684,0.00696211909555601
"Phf10",-0.0228716879543002,0.589718637349879,1.25191555970034,0.436410501882114,6.09927526955628,29.3610598067392,3.96699607867073e-10,1.56437275975826e-07
"LOC106740",0.0516093676341327,1.02404835852572,1.48311865624652,0.205187096905444,3.56650375103356,13.831961827185,1.42968900609441e-06,0.000137442192362001
"Tnfrsf12a",0.277173289263992,1.19038307170535,1.21614239175616,0.151902270647378,3.8217448883212,7.20793902720493,0.000320412014536562,0.0112569479216182
"Dusp1",1.68264560359263,0.589036590550741,0.0501033150363799,-0.553900252695343,5.83087452205499,29.9318963849856,3.1453105865539e-10,1.33211175026189e-07
"Sik1",1.26165986369994,1.09631757803633,0.256122523182325,-0.481176542244194,6.87731513262159,13.6979973876948,1.5629552243982e-06,0.000147321872200226
"Hspa1a",0.257298324827391,0.0393646583740022,1.33361579874459,-0.274449096893564,2.74922328242889,5.89869211092534,0.00120499064054653,0.0312614860919824
"Ier3",1.28018679671401,1.45762480138923,1.03988635495144,0.0705970486274438,3.15793567322662,10.6149999465537,1.58066596946747e-05,0.00102151199090368
"Egr1",2.23880709010682,0.955835628103135,-0.89998370133389,-1.28182311068919,7.76179275880089,36.2182723769488,2.9970360038709e-11,2.28625599273713e-08
"Hspa9",-0.0518203659336663,0.427592959114686,1.16782238734781,0.495298944506065,8.56642372066555,31.1948731641751,1.90362427048932e-10,9.43172609709364e-08
"Spry4",0.408486704633385,1.21263688501619,0.859758421824694,-0.433997329472359,4.33362603358029,9.53773172012256,3.84791349975272e-05,0.00210037380100909
"Pcyox1l",-0.595003564581537,-1.51779424678825,-0.672215438996107,0.203853118492812,3.3968247507843,10.7543678888577,1.41523361981058e-05,0.000943833574645175
"Nars",0.0967847234410981,0.688481078010641,1.3516690098504,0.36857906797907,7.26324449707261,38.9280913593813,1.20319875615528e-11,1.16247047825942e-08
"Npas4",2.53263405359441,2.27490103462363,1.41021685461534,0.0629240159373049,4.91698839034238,13.1967168171828,2.2272852823057e-06,0.000198331029999968
"Syvn1",0.0908505778145474,0.886041156912794,1.16088535768785,0.558669250588715,7.39894709625353,18.3123680626076,8.38092265741503e-08,1.42056639043185e-05
"Slc3a2",0.422961951147143,1.14284339250976,0.709375482334182,0.0603925188729805,7.17391715447571,21.4712189694803,1.48967337944439e-08,3.42678079892904e-06
"Dtx4",0.330552981365332,0.314622615050161,2.03234506132469,0.725280613350878,2.51554527548942,7.38561286418213,0.000272533662585559,0.00999272858091227
"Psat1",-0.0574654189869393,0.735963388361835,1.57286557001802,0.453670905326775,7.68635820687085,39.210330646507,1.09737485931168e-11,1.11603023191998e-08
"Aldh18a1",-0.108284128868543,0.590942295909608,1.35727999297725,0.689857041299788,6.58615405375782,25.9026999877376,1.7535754180761e-09,5.37846631801341e-07
"Gad2",0.00595000572308164,-0.00546153946703731,-0.384798848057176,-1.010834581127,4.41294527489169,8.93273381001632,6.49975379652732e-05,0.00322037801564865
"Hspa5",0.0923388604067645,1.05039709142121,1.81487938611615,0.709714743209773,10.9810163570657,39.9329290210089,8.69119243760558e-12,9.32999508176958e-09
"Nr4a2",2.05827104835744,2.07572083720779,-0.299872842196288,-1.30315977606418,6.44084712950654,29.0248889248353,4.55679763831304e-10,1.76102001530246e-07
"Acvr1c",-0.0467523476725166,-0.3215238865004,-0.707138138241108,-1.08408834705839,7.03078112309054,26.9261062778018,1.11256586160569e-09,3.7715982708433e-07
"Chac1",1.03906934645279,3.53439391088604,2.43476201750966,0.90157556932393,5.28015108653136,43.4620068469021,2.9276530022931e-12,3.53568993520685e-09
"Ovol2",0.696504149050798,1.09562123492662,-0.0278364714011685,-1.17885684446793,2.80440899281011,7.55347958102344,0.000231190764909036,0.00880341640027476
"Slc24a3",-0.152548047107892,0.151271090065032,1.03513197818637,0.481802401738424,5.30694201914035,16.046100564171,3.29546918317606e-07,4.45303154031546e-05
"Trib3",0.805143271548932,2.14814782787374,2.47188140414215,1.15508720587128,4.92271110561299,30.1599849329679,2.87423203486472e-10,1.26224512749298e-07
"Nnat",-0.262406661151693,-0.241271199120985,-0.443774442919432,-2.07912232742686,8.17688202040053,20.1335312182821,3.0247066016018e-08,6.08816725653663e-06
"Slc17a9",0.184654047340761,-0.465309742210162,1.46508500505591,1.84188701101271,2.49684857378337,7.97343301876906,0.000156501545116265,0.00660391090129494
"Hey1",0.589561401279284,1.00840500077304,-0.31244546918199,0.104857510971392,4.50640353718435,8.29277032323498,0.000115354455770057,0.00514779249155844
"Slc2a2",-0.225413895083462,-0.3087939989506,-1.11853052326429,-0.980694677446026,6.43540233417089,12.25508076959,4.41859992591683e-06,0.000352812423010293
"Slc7a11",0.592113512976645,2.81252118511438,3.08418449705203,0.821194435003269,3.77910205784198,18.9119961745382,6.03282372815699e-08,1.0997382348979e-05
"Phgdh",0.199869925533564,0.167392535297228,2.24730922641471,0.874884590432952,3.94594045364703,17.5331233219504,1.32959302548335e-07,2.07191338963022e-05
"Dennd2c",0.00546513552802505,1.49808124741264,0.423428002325803,0.00459932906249898,2.94354098311761,9.65775882959223,3.49389403756534e-05,0.00193445600251791
"Sars",-0.020418760858863,0.628090300580655,1.10069484925464,0.257428346095564,7.58387103123829,29.8884871516139,3.19963508814155e-10,1.33211175026189e-07
"Sec24d",-0.165791711660725,0.309259288173823,1.16470277648307,0.543414912589554,7.4103782904244,20.6682592455746,2.27008915629806e-08,4.92864413114016e-06
"Sgms2",-0.0665627888316115,0.751402138969771,1.04443133836696,0.157933406722095,6.8864749840801,31.7699832308788,1.52298042757785e-10,7.74435547423335e-08
"Lmo4",0.120062989421302,1.04702266461041,0.73796768268774,0.150959231527263,4.2983805541804,5.44054089618671,0.00195690373126265,0.0460015216535137
"Gem",1.64826779743115,1.31752167553615,0.650920703634807,-0.140213277061754,4.47209360564588,21.7946874799648,1.2631857001169e-08,3.01339966461221e-06
"Nr4a3",2.7262416889294,3.2972426583567,0.243749899773118,-1.60425705380614,5.98814070573147,46.2969911543979,1.28866371626437e-12,2.29748356161717e-09
"Klf4",1.74265140173468,1.37718460491147,0.185694963082134,-0.161220877198133,4.93346940228619,29.8603259548566,3.24014139948811e-10,1.33211175026189e-07
"Slc6a9",0.439861698875866,0.882651392315871,2.14212471491477,0.691452977405069,3.63046095456043,8.00774326195023,0.000150155215332909,0.00640496517853819
"Sesn2",0.0591824018834589,1.57194899391264,0.798408434903342,0.31554153546907,5.93359238359061,24.2367047984173,3.78873972069751e-09,1.09473536922896e-06
"Rhd",0.620233965561653,-1.14569026863736,0.306127909035535,1.19365460795698,1.70734691091122,6.5774223905511,0.000610147802725226,0.0188036459203501
"Srm",-0.101367213538843,0.319030882481191,1.27962347402274,0.656031817638132,5.31125852674289,19.9339800865448,3.37296860179042e-08,6.65059921350983e-06
"Errfi1",1.22566895695077,1.11730273413824,0.340233528206901,-0.145736046989169,6.89469115220586,15.2450994792143,5.50773914165719e-07,6.79432177933639e-05
"Per3",-0.249213864810218,-0.273236780545662,-1.31546361421014,0.229626783420162,5.66879774897817,12.1047852169697,4.94438874074355e-06,0.000388375705843039
"Fosl2",1.73332451653726,2.0192381271134,0.147854679467186,-0.530348015794579,7.32855247323143,79.5872137580124,8.18354732690377e-16,1.58130684997761e-11
"Ppargc1a",0.290144876932084,1.50473291662695,0.796291615615199,-0.125159596826588,5.52814540832391,37.3483434342892,2.03616600233376e-11,1.71064502883022e-08
"Lgi2",-0.286802785534619,-0.390476075376427,0.886531344995003,1.77800967118618,3.56980995773962,21.0336559373416,1.8863372492813e-08,4.28819937268971e-06
"Fam114a1",0.0390391019000784,0.239391279496981,0.401956900594515,1.03914347085358,5.69804253931765,16.6029519205824,2.32757050825722e-07,3.38162743842513e-05
"Csn3",0.00381345698287199,0.335864147728201,0.343285291442974,1.4229117530251,3.84170636634659,13.3403604909614,2.01427613356493e-06,0.00018359366853243
"Gc",-0.185236399733338,0.516290078548908,0.356834511782863,1.53554958580942,5.71338368655173,21.6870254502599,1.3332009665107e-08,3.14163930193736e-06
"Stbd1",0.432563838203724,0.518295872481858,1.42084963433887,1.08562333930608,3.22841199989564,5.46213315425197,0.00191457689448659,0.0452819698068107
"Fam101a",-0.422407986042869,-0.441172384115065,0.0330304673016163,1.1799584535896,4.2276550954306,5.99676224816481,0.00108425033101106,0.0289065414392002
"Psph",-0.0266859888636189,0.207229706348492,1.70424826376556,0.579805652991619,3.51299336401775,17.6936476282185,1.21053143091705e-07,1.9173031835746e-05
"Vgf",0.311266072553805,0.711749613455784,1.13825284827408,0.775059622910932,6.69159933963483,11.5635218421277,7.45726946882656e-06,0.000541717360699758
"Zfand2a",0.789443602529229,1.1808042252024,0.903842781571749,0.260106186325406,6.23512605234956,20.9607123232287,1.94492723271472e-08,4.36998010671472e-06
"Bhlha15",-0.0526869041156926,0.833107473168262,1.77687644856601,1.12842732569909,4.44067729809927,18.2320767746702,8.7945689414136e-08,1.46497806599082e-05
"Slc7a1",0.102207101752091,1.01213127014221,1.38166590350282,0.331148594910334,7.42556677682904,29.7365198097878,3.40277995608511e-10,1.36983160607151e-07
"Asns",0.0477709431536957,0.761478774263825,1.69006682315209,0.534509043758009,7.65799397944189,51.7948863053046,2.90933333762808e-13,9.21192188072894e-10
"Pax4",-0.42666016951792,-0.561088283439657,-1.11356853355789,-0.157415108973284,4.66135634621587,5.38301443729846,0.00208237238242617,0.0483045396706134
"Pdia4",-0.0131275059716786,0.753318678563802,1.92324402396828,1.00626637883971,8.53954465058702,46.8565476553455,1.09436710719246e-12,2.29748356161717e-09
"Gars",-0.0128295687792454,0.468460998803578,1.00219256041466,0.0372279667683999,7.8660435547751,28.747989591885,5.10908101297619e-10,1.93574063556351e-07
"Mthfd2",0.0695742872819049,0.937860248987605,1.2128289123461,0.20114431762511,6.29993745495772,33.6289820708013,7.56275872193741e-11,4.42833899345444e-08
"Egr4",2.08523946939873,1.31448236423839,0.419806692205467,0.125671815643051,2.38248636000421,7.24841993305093,0.000312571061359809,0.0110619242099919
"Ret",-0.449478498079628,-0.736719678737221,-1.19041824902135,-0.0648407498533065,6.16522129483347,18.5601290338818,7.26830112753421e-08,1.31257366997517e-05
"Bcat1",0.279787600925484,0.55435302211244,2.34425114163177,1.53973079229099,2.18103287790719,6.41572467496243,0.000715998677224323,0.0212026941129078
"Dhx34",0.096507171724141,0.21476147970197,0.667975482364453,1.06858715811505,4.90877277499529,16.0005256891042,3.39241134536334e-07,4.55219197405943e-05
"Fosb",3.57479011253353,3.23530311208123,1.18381260835984,-0.367705614988866,5.23159274599241,55.757851109527,1.0917478512326e-13,5.27396093234187e-10
"Relb",0.187639169079879,1.11251671167345,0.352758881217702,0.0635752488939509,3.48278273431773,6.9057944678891,0.000430967770892318,0.014432565401997
"Erf",0.710789403152059,1.14276611057644,0.0388775582394924,-0.221290910259712,4.50945095695798,16.7796804736735,2.08915405623724e-07,3.12935843633118e-05
"Rcn3",0.416828392507772,-0.114172756060041,0.304884012736386,1.8202886470085,2.95468049212487,14.4976878509643,9.13255303874411e-07,9.75561156047869e-05
"Ppp1r15a",0.751224017486391,1.49279948190084,1.66874831871701,0.253228121906734,4.78591608993623,30.2181241416303,2.80596613286663e-10,1.26092287407865e-07
"Mctp2",-0.208033042796602,0.398192720988962,1.10883961342003,0.116374931923595,4.70888131050905,13.4824610188061,1.81862959179171e-06,0.000167339902867577
"Sv2b",-0.167470364264619,-0.366632162002888,-1.01530953589825,-0.910264279291018,6.64750691625787,6.1630868205441,0.000911823641505886,0.0253148968747388
"Isg20",0.221833800741901,0.816950536376329,1.12950031199061,0.689133448964112,5.32531676728749,7.9503671630082,0.000158103923918624,0.00662698941839385
"Rab30",0.314574940824611,1.69175626938782,1.36055471008703,-0.395296138848377,2.50166574048833,13.1694927176511,2.31360447937047e-06,0.000204135978789386
"Cckbr",0.123058779903144,1.26312745074,1.33033347968679,1.06914343693183,4.28068689782505,14.7647084726133,7.56912897059163e-07,8.57758089933606e-05
"Nupr1",-0.141434363113067,1.24668569379348,2.18378471036459,2.02232452858474,4.40425442868948,19.5024582325367,4.28669698736925e-08,8.04192678513942e-06
"Cox6a2",-0.337984146447941,0.525122269238213,0.685447562315216,1.44811282258803,2.76936465871988,6.34348072576091,0.000761983499998489,0.0223087987431376
"Cars",-0.0330300893443023,0.732428764261021,1.08939888095673,0.185703892519812,6.3116564036414,16.2940877355442,2.81951262405702e-07,3.94793061120679e-05
"Tnfrsf22",-0.372494457906868,-1.18237538172775,-0.978535373985765,0.406035895318136,3.24071676121152,9.68580179619832,3.41112152892932e-05,0.00190500292784686
"Xkr5",-0.300159720360143,-1.63860269487945,-0.780124872692933,-0.0426869398543574,2.52365456324423,5.85058615541694,0.00127326123536758,0.0325009601730617
"Eif4ebp1",-0.215577181726139,1.50070238306897,2.62713363031699,1.28056984494078,4.01403238447556,48.2427601773759,7.56310568903414e-13,1.82677364036508e-09
"Dusp4",0.840926850831569,1.84562153582869,1.48329209134526,-0.168918018382026,6.38687683622177,45.3063093628698,1.70058455567003e-12,2.73836628076767e-09
"Mfap3l",-0.133850838250089,0.577582855825712,1.11165916643013,0.692997648632156,4.6247012874453,13.7593866812472,1.49869450960178e-06,0.000141957225534486
"Hmox1",0.113087890761701,0.420211839735737,1.21670354813188,0.765809804562171,5.00293584792097,14.0856932455626,1.19609165247814e-06,0.00011975170466754
"Ier2",1.92414351145414,1.44957443993742,0.281770257833353,-0.539126965279555,4.09305435966195,20.5210837367467,2.46191938840449e-08,5.21351248494432e-06
"Calr",-0.0720511699675133,0.419759267389775,1.07425111787633,0.842863132151118,10.3030476919978,26.1411190612797,1.57508324859313e-09,4.98939895287953e-07
"Junb",2.58198929046036,1.53134260332992,-0.0737144767295402,0.0094856311937863,5.26358443544672,51.4378284853456,3.19625563142198e-13,9.21192188072894e-10
"Gpt2",0.391584229531562,1.16390717734111,1.49736040174622,0.325455030736881,5.94400745713718,19.1523634783413,5.1957468309196e-08,9.56165866798661e-06
"Herpud1",0.465457334839582,2.10803157809057,1.83107229376299,0.804513566020139,7.1772012661871,59.5429159063516,4.46773563523673e-14,2.87766852265598e-10
"Aars",-0.00422967692158823,0.562892330579475,1.11170780340998,0.328270001051857,8.04722667545354,37.6846781879438,1.81673777325174e-11,1.59567381784288e-08
"Angptl6",0.0936339167261702,1.42015951112459,1.54211601072076,1.64035889176277,3.37838801952712,11.598344607022,7.34223180254513e-06,0.000537401307274923
"A630095E13Rik",0.329846752436827,1.52853368221769,1.91077278968064,0.449192378859477,5.17830790510456,14.3689176450657,9.862324677686e-07,0.000103570488992895
"Hyou1",-0.0282595327143229,0.503383690657663,1.44815145783615,0.910991335923211,10.2869210139339,40.0675109801914,8.3250578235906e-12,9.32999508176958e-09
"C2cd4a",1.09057928554092,1.79204057707422,0.997676322339226,-0.0753549160478637,3.05890445331927,7.55730914253206,0.000229616284916021,0.00878589202659855
"Fam46a",0.862537311711091,1.12597859163714,0.299811457247563,-0.412990203680936,9.11921393502672,12.0576479571643,5.12127893132855e-06,0.000398037160936008
"Pgm3",-0.101821758239561,0.104104872624587,1.00036905223457,0.411719842822994,5.1776501082422,12.823501105897,2.9109458135701e-06,0.000248885867060244
"Rbm15b",0.0147212641047013,1.12172247973603,1.11514307700952,0.239081369283284,6.19704632209333,17.128069155932,1.68855595221718e-07,2.56913123344036e-05
"Manf",-0.00652890273303234,0.822809115792729,1.58173242903021,0.839191730608071,8.81854438688213,31.0685199866331,2.00016192117452e-10,9.66228220071382e-08
"Gmppb",0.33573830582975,0.782798597050839,1.28170108268443,0.628933190501521,4.68930327135387,10.8445103369363,1.31012022132088e-05,0.000885155700579837
"Amigo3",0.291045514634912,0.437064759091197,1.35520283888014,0.739788989520498,3.7881453258418,7.19665671526128,0.000323960996713195,0.0113609770226662
"Lrrfip2",-0.0791299486267265,0.130132266210347,1.08865758650109,0.396281355666628,5.47406612126115,9.01979380564337,6.01884583274031e-05,0.00304455911062935
"Csrnp1",1.6682619351475,1.77060885916922,0.515419701953716,-0.18439570848344,3.96221829663793,7.71147060898741,0.00019793957591087,0.00786993091630811
"Aff2",-0.0758487099652346,0.0865451214259676,1.27656377784592,0.487155157370688,6.06104491586149,18.5384894057785,7.35909690505128e-08,1.31666508792876e-05
"Slc7a3",-0.149111121666812,0.202222645328834,1.9107453322191,2.1087704324349,3.15320223577988,12.9837716623977,2.62437083967542e-06,0.000226387132745751
"Kctd12b",-0.235494273302672,-1.61234300106415,-1.61713050190258,-0.259873093262297,1.88456047893166,6.44120877567564,0.000685643844999392,0.0205088173636583
